years,records,search_engine,publication,technology
1988,1,ACM,A,SR
1989,0,ACM,A,SR
1990,0,ACM,A,SR
1991,0,ACM,A,SR
1992,0,ACM,A,SR
1993,0,ACM,A,SR
1994,0,ACM,A,SR
1995,1,ACM,A,SR
1996,1,ACM,A,SR
1997,2,ACM,A,SR
1998,2,ACM,A,SR
1999,5,ACM,A,SR
2000,8,ACM,A,SR
2001,6,ACM,A,SR
2002,11,ACM,A,SR
2003,10,ACM,A,SR
2004,16,ACM,A,SR
2005,16,ACM,A,SR
2006,25,ACM,A,SR
2007,38,ACM,A,SR
2008,64,ACM,A,SR
2009,50,ACM,A,SR
2010,55,ACM,A,SR
2011,54,ACM,A,SR
2012,58,ACM,A,SR
2013,58,ACM,A,SR
2014,49,ACM,A,SR
2015,71,ACM,A,SR
2016,70,ACM,A,SR
2017,76,ACM,A,SR
2018,16,ACM,A,SR
1990,1,ACM,KB,SR
1991,0,ACM,KB,SR
1992,0,ACM,KB,SR
1993,0,ACM,KB,SR
1994,1,ACM,KB,SR
1995,1,ACM,KB,SR
1996,0,ACM,KB,SR
1997,1,ACM,KB,SR
1998,2,ACM,KB,SR
1999,2,ACM,KB,SR
2000,6,ACM,KB,SR
2001,5,ACM,KB,SR
2002,16,ACM,KB,SR
2003,5,ACM,KB,SR
2004,18,ACM,KB,SR
2005,31,ACM,KB,SR
2006,39,ACM,KB,SR
2007,43,ACM,KB,SR
2008,64,ACM,KB,SR
2009,198,ACM,KB,SR
2010,85,ACM,KB,SR
2011,75,ACM,KB,SR
2012,94,ACM,KB,SR
2013,99,ACM,KB,SR
2014,70,ACM,KB,SR
2015,72,ACM,KB,SR
2016,65,ACM,KB,SR
2017,40,ACM,KB,SR
2018,38,ACM,KB,SR
2014,2,ACM,A,SDS
2015,1,ACM,A,SDS
2016,2,ACM,A,SDS
2014,2,ACM,KB,SDS
2015,1,ACM,KB,SDS
2016,0,ACM,KB,SDS
2017,1,ACM,KB,SDS
2018,1,ACM,KB,SDS
1985,1,ACM,A,AV
1986,0,ACM,A,AV
1987,1,ACM,A,AV
1988,2,ACM,A,AV
1989,0,ACM,A,AV
1990,2,ACM,A,AV
1991,2,ACM,A,AV
1992,0,ACM,A,AV
1993,3,ACM,A,AV
1994,1,ACM,A,AV
1995,9,ACM,A,AV
1996,6,ACM,A,AV
1997,4,ACM,A,AV
1998,13,ACM,A,AV
1999,6,ACM,A,AV
2000,8,ACM,A,AV
2001,5,ACM,A,AV
2002,11,ACM,A,AV
2003,10,ACM,A,AV
2004,12,ACM,A,AV
2005,16,ACM,A,AV
2006,21,ACM,A,AV
2007,21,ACM,A,AV
2008,27,ACM,A,AV
2009,29,ACM,A,AV
2010,30,ACM,A,AV
2011,32,ACM,A,AV
2012,31,ACM,A,AV
2013,22,ACM,A,AV
2014,20,ACM,A,AV
2015,30,ACM,A,AV
2016,53,ACM,A,AV
2017,62,ACM,A,AV
2018,23,ACM,A,AV
1977,1,ACM,KB,AV
1978,0,ACM,KB,AV
1979,1,ACM,KB,AV
1980,0,ACM,KB,AV
1981,0,ACM,KB,AV
1982,0,ACM,KB,AV
1983,0,ACM,KB,AV
1984,0,ACM,KB,AV
1985,1,ACM,KB,AV
1986,2,ACM,KB,AV
1987,2,ACM,KB,AV
1988,2,ACM,KB,AV
1989,0,ACM,KB,AV
1990,0,ACM,KB,AV
1991,1,ACM,KB,AV
1992,3,ACM,KB,AV
1993,1,ACM,KB,AV
1994,2,ACM,KB,AV
1995,8,ACM,KB,AV
1996,1,ACM,KB,AV
1997,9,ACM,KB,AV
1998,5,ACM,KB,AV
1999,5,ACM,KB,AV
2000,7,ACM,KB,AV
2001,6,ACM,KB,AV
2002,7,ACM,KB,AV
2003,4,ACM,KB,AV
2004,5,ACM,KB,AV
2005,15,ACM,KB,AV
2006,19,ACM,KB,AV
2007,30,ACM,KB,AV
2008,30,ACM,KB,AV
2009,58,ACM,KB,AV
2010,31,ACM,KB,AV
2011,28,ACM,KB,AV
2012,45,ACM,KB,AV
2013,19,ACM,KB,AV
2014,40,ACM,KB,AV
2015,59,ACM,KB,AV
2016,54,ACM,KB,AV
2017,101,ACM,KB,AV
2018,49,ACM,KB,AV
2002,1,ACM,KB,NE
2003,1,ACM,KB,NE
2004,1,ACM,KB,NE
2005,0,ACM,KB,NE
2006,3,ACM,KB,NE
2007,6,ACM,KB,NE
2008,4,ACM,KB,NE
2009,8,ACM,KB,NE
2010,16,ACM,KB,NE
2011,18,ACM,KB,NE
2012,11,ACM,KB,NE
2013,5,ACM,KB,NE
2014,6,ACM,KB,NE
2015,2,ACM,KB,NE
2016,2,ACM,KB,NE
2017,0,ACM,KB,NE
2018,2,ACM,KB,NE
2002,5,ACM,A,NE
2003,3,ACM,A,NE
2004,3,ACM,A,NE
2005,6,ACM,A,NE
2006,6,ACM,A,NE
2007,9,ACM,A,NE
2008,3,ACM,A,NE
2009,9,ACM,A,NE
2010,10,ACM,A,NE
2011,11,ACM,A,NE
2012,11,ACM,A,NE
2013,14,ACM,A,NE
2014,11,ACM,A,NE
2015,10,ACM,A,NE
2016,14,ACM,A,NE
2017,11,ACM,A,NE
2018,7,ACM,A,NE
2011,2,ACM,KB,MDC
2012,1,ACM,KB,MDC
2013,2,ACM,KB,MDC
2014,0,ACM,KB,MDC
2015,2,ACM,KB,MDC
2016,2,ACM,KB,MDC
2017,2,ACM,KB,MDC
2015,2,ACM,A,MDC
2016,1,ACM,A,MDC
2017,1,ACM,A,MDC
2018,1,ACM,A,MDC
1959,1,ACM,KB,ML
1960,0,ACM,KB,ML
1961,1,ACM,KB,ML
1962,0,ACM,KB,ML
1963,0,ACM,KB,ML
1964,0,ACM,KB,ML
1965,0,ACM,KB,ML
1966,0,ACM,KB,ML
1967,0,ACM,KB,ML
1968,1,ACM,KB,ML
1969,1,ACM,KB,ML
1970,0,ACM,KB,ML
1971,0,ACM,KB,ML
1972,0,ACM,KB,ML
1973,0,ACM,KB,ML
1974,1,ACM,KB,ML
1975,0,ACM,KB,ML
1976,0,ACM,KB,ML
1977,1,ACM,KB,ML
1978,0,ACM,KB,ML
1979,0,ACM,KB,ML
1980,0,ACM,KB,ML
1981,1,ACM,KB,ML
1982,0,ACM,KB,ML
1983,2,ACM,KB,ML
1984,1,ACM,KB,ML
1985,7,ACM,KB,ML
1986,12,ACM,KB,ML
1987,17,ACM,KB,ML
1988,66,ACM,KB,ML
1989,163,ACM,KB,ML
1990,72,ACM,KB,ML
1991,249,ACM,KB,ML
1992,150,ACM,KB,ML
1993,188,ACM,KB,ML
1994,182,ACM,KB,ML
1995,218,ACM,KB,ML
1996,134,ACM,KB,ML
1997,207,ACM,KB,ML
1998,242,ACM,KB,ML
1999,182,ACM,KB,ML
2000,401,ACM,KB,ML
2001,447,ACM,KB,ML
2002,444,ACM,KB,ML
2003,426,ACM,KB,ML
2004,522,ACM,KB,ML
2005,1288,ACM,KB,ML
2006,1069,ACM,KB,ML
2007,1306,ACM,KB,ML
2008,1566,ACM,KB,ML
2009,2052,ACM,KB,ML
2010,2027,ACM,KB,ML
2011,1996,ACM,KB,ML
2012,2350,ACM,KB,ML
2013,2136,ACM,KB,ML
2014,1854,ACM,KB,ML
2015,2261,ACM,KB,ML
2016,1536,ACM,KB,ML
2017,1466,ACM,KB,ML
2018,946,ACM,KB,ML
1959,1,ACM,A,ML
1960,0,ACM,A,ML
1961,2,ACM,A,ML
1962,0,ACM,A,ML
1963,0,ACM,A,ML
1964,0,ACM,A,ML
1965,0,ACM,A,ML
1966,0,ACM,A,ML
1967,1,ACM,A,ML
1968,1,ACM,A,ML
1969,0,ACM,A,ML
1970,4,ACM,A,ML
1971,0,ACM,A,ML
1972,0,ACM,A,ML
1973,3,ACM,A,ML
1974,0,ACM,A,ML
1975,1,ACM,A,ML
1976,1,ACM,A,ML
1977,2,ACM,A,ML
1978,1,ACM,A,ML
1979,0,ACM,A,ML
1980,0,ACM,A,ML
1981,2,ACM,A,ML
1982,0,ACM,A,ML
1983,1,ACM,A,ML
1984,1,ACM,A,ML
1985,0,ACM,A,ML
1986,26,ACM,A,ML
1987,18,ACM,A,ML
1988,38,ACM,A,ML
1989,49,ACM,A,ML
1990,36,ACM,A,ML
1991,47,ACM,A,ML
1992,65,ACM,A,ML
1993,99,ACM,A,ML
1994,115,ACM,A,ML
1995,108,ACM,A,ML
1996,95,ACM,A,ML
1997,125,ACM,A,ML
1998,154,ACM,A,ML
1999,140,ACM,A,ML
2000,143,ACM,A,ML
2001,192,ACM,A,ML
2002,209,ACM,A,ML
2003,311,ACM,A,ML
2004,359,ACM,A,ML
2005,450,ACM,A,ML
2006,509,ACM,A,ML
2007,560,ACM,A,ML
2008,657,ACM,A,ML
2009,719,ACM,A,ML
2010,788,ACM,A,ML
2011,916,ACM,A,ML
2012,974,ACM,A,ML
2013,934,ACM,A,ML
2014,968,ACM,A,ML
2015,1160,ACM,A,ML
2016,1507,ACM,A,ML
2017,1615,ACM,A,ML
2018,611,ACM,A,ML
1992,1,ACM,KB,GCD
1993,0,ACM,KB,GCD
1994,0,ACM,KB,GCD
1995,0,ACM,KB,GCD
1996,0,ACM,KB,GCD
1997,0,ACM,KB,GCD
1998,1,ACM,KB,GCD
1999,0,ACM,KB,GCD
2000,1,ACM,KB,GCD
2001,1,ACM,KB,GCD
2002,5,ACM,KB,GCD
2003,0,ACM,KB,GCD
2004,2,ACM,KB,GCD
2005,1,ACM,KB,GCD
2006,2,ACM,KB,GCD
2007,4,ACM,KB,GCD
2008,3,ACM,KB,GCD
2009,7,ACM,KB,GCD
2010,9,ACM,KB,GCD
2011,25,ACM,KB,GCD
2012,28,ACM,KB,GCD
2013,51,ACM,KB,GCD
2014,56,ACM,KB,GCD
2015,29,ACM,KB,GCD
2016,28,ACM,KB,GCD
2017,18,ACM,KB,GCD
2018,10,ACM,KB,GCD
1987,1,ACM,A,GCD
1988,0,ACM,A,GCD
1989,0,ACM,A,GCD
1990,0,ACM,A,GCD
1991,0,ACM,A,GCD
1992,0,ACM,A,GCD
1993,0,ACM,A,GCD
1994,0,ACM,A,GCD
1995,0,ACM,A,GCD
1996,0,ACM,A,GCD
1997,0,ACM,A,GCD
1998,0,ACM,A,GCD
1999,0,ACM,A,GCD
2000,1,ACM,A,GCD
2001,1,ACM,A,GCD
2002,0,ACM,A,GCD
2003,0,ACM,A,GCD
2004,2,ACM,A,GCD
2005,0,ACM,A,GCD
2006,0,ACM,A,GCD
2007,0,ACM,A,GCD
2008,2,ACM,A,GCD
2009,0,ACM,A,GCD
2010,1,ACM,A,GCD
2011,5,ACM,A,GCD
2012,4,ACM,A,GCD
2013,9,ACM,A,GCD
2014,8,ACM,A,GCD
2015,8,ACM,A,GCD
2016,15,ACM,A,GCD
2017,15,ACM,A,GCD
2018,5,ACM,A,GCD
1997,2,ACM,KB,CH
1998,0,ACM,KB,CH
1999,1,ACM,KB,CH
2000,1,ACM,KB,CH
2001,4,ACM,KB,CH
2002,5,ACM,KB,CH
2003,6,ACM,KB,CH
2004,5,ACM,KB,CH
2005,17,ACM,KB,CH
2006,52,ACM,KB,CH
2007,110,ACM,KB,CH
2008,103,ACM,KB,CH
2009,171,ACM,KB,CH
2010,151,ACM,KB,CH
2011,138,ACM,KB,CH
2012,160,ACM,KB,CH
2013,112,ACM,KB,CH
2014,119,ACM,KB,CH
2015,165,ACM,KB,CH
2016,133,ACM,KB,CH
2017,99,ACM,KB,CH
2018,59,ACM,KB,CH
1997,1,ACM,A,CH
1998,2,ACM,A,CH
1999,1,ACM,A,CH
2000,2,ACM,A,CH
2001,0,ACM,A,CH
2002,8,ACM,A,CH
2003,7,ACM,A,CH
2004,10,ACM,A,CH
2005,10,ACM,A,CH
2006,9,ACM,A,CH
2007,15,ACM,A,CH
2008,16,ACM,A,CH
2009,50,ACM,A,CH
2010,40,ACM,A,CH
2011,43,ACM,A,CH
2012,43,ACM,A,CH
2013,56,ACM,A,CH
2014,35,ACM,A,CH
2015,60,ACM,A,CH
2016,73,ACM,A,CH
2017,87,ACM,A,CH
2018,42,ACM,A,CH
2014,1,ACM,KB,CEA
1987,1,ACM,A,CEA
2014,1,ACM,KB,B
2015,4,ACM,KB,B
2016,29,ACM,KB,B
2017,103,ACM,KB,B
2018,126,ACM,KB,B
2016,8,ACM,A,B
2017,18,ACM,A,B
2018,32,ACM,A,B
1982,1,IEEE,A,SR
1983,0,IEEE,A,SR
1984,1,IEEE,A,SR
1985,0,IEEE,A,SR
1986,1,IEEE,A,SR
1987,0,IEEE,A,SR
1988,3,IEEE,A,SR
1989,1,IEEE,A,SR
1990,1,IEEE,A,SR
1991,3,IEEE,A,SR
1992,2,IEEE,A,SR
1993,2,IEEE,A,SR
1994,2,IEEE,A,SR
1995,1,IEEE,A,SR
1996,5,IEEE,A,SR
1997,2,IEEE,A,SR
1998,1,IEEE,A,SR
1999,1,IEEE,A,SR
2000,11,IEEE,A,SR
2001,11,IEEE,A,SR
2002,12,IEEE,A,SR
2003,15,IEEE,A,SR
2004,23,IEEE,A,SR
2005,39,IEEE,A,SR
2006,20,IEEE,A,SR
2007,52,IEEE,A,SR
2008,49,IEEE,A,SR
2009,52,IEEE,A,SR
2010,58,IEEE,A,SR
2011,39,IEEE,A,SR
2012,43,IEEE,A,SR
2013,51,IEEE,A,SR
2014,70,IEEE,A,SR
2015,72,IEEE,A,SR
2016,92,IEEE,A,SR
2017,121,IEEE,A,SR
2018,104,IEEE,A,SR
1983,1,IEEE,KB,SR
1984,0,IEEE,KB,SR
1985,0,IEEE,KB,SR
1986,2,IEEE,KB,SR
1987,5,IEEE,KB,SR
1988,5,IEEE,KB,SR
1989,13,IEEE,KB,SR
1990,11,IEEE,KB,SR
1991,15,IEEE,KB,SR
1992,10,IEEE,KB,SR
1993,17,IEEE,KB,SR
1994,32,IEEE,KB,SR
1995,29,IEEE,KB,SR
1996,32,IEEE,KB,SR
1997,51,IEEE,KB,SR
1998,53,IEEE,KB,SR
1999,71,IEEE,KB,SR
2000,100,IEEE,KB,SR
2001,118,IEEE,KB,SR
2002,170,IEEE,KB,SR
2003,244,IEEE,KB,SR
2004,398,IEEE,KB,SR
2005,437,IEEE,KB,SR
2006,568,IEEE,KB,SR
2007,609,IEEE,KB,SR
2008,526,IEEE,KB,SR
2009,771,IEEE,KB,SR
2010,647,IEEE,KB,SR
2011,685,IEEE,KB,SR
2012,833,IEEE,KB,SR
2013,910,IEEE,KB,SR
2014,1132,IEEE,KB,SR
2015,1233,IEEE,KB,SR
2016,1320,IEEE,KB,SR
2017,1274,IEEE,KB,SR
2018,199,IEEE,KB,SR
2018,1,IEEE,A,SDX
2017,1,IEEE,KB,SDX
2016,1,IEEE,A,SDS
2014,1,IEEE,KB,SDS
2015,3,IEEE,KB,SDS
2016,7,IEEE,KB,SDS
2017,10,IEEE,KB,SDS
2018,2,IEEE,KB,SDS
1997,1,IEEE,KB,NE
1998,1,IEEE,KB,NE
1999,1,IEEE,KB,NE
2000,0,IEEE,KB,NE
2001,5,IEEE,KB,NE
2002,5,IEEE,KB,NE
2003,21,IEEE,KB,NE
2004,31,IEEE,KB,NE
2005,26,IEEE,KB,NE
2006,51,IEEE,KB,NE
2007,40,IEEE,KB,NE
2008,76,IEEE,KB,NE
2009,58,IEEE,KB,NE
2010,96,IEEE,KB,NE
2011,95,IEEE,KB,NE
2012,83,IEEE,KB,NE
2013,85,IEEE,KB,NE
2014,92,IEEE,KB,NE
2015,74,IEEE,KB,NE
2016,86,IEEE,KB,NE
2017,70,IEEE,KB,NE
2018,19,IEEE,KB,NE
2002,4,IEEE,A,NE
2003,5,IEEE,A,NE
2004,8,IEEE,A,NE
2005,9,IEEE,A,NE
2006,18,IEEE,A,NE
2007,18,IEEE,A,NE
2008,17,IEEE,A,NE
2009,11,IEEE,A,NE
2010,11,IEEE,A,NE
2011,33,IEEE,A,NE
2012,15,IEEE,A,NE
2013,17,IEEE,A,NE
2014,19,IEEE,A,NE
2015,28,IEEE,A,NE
2016,20,IEEE,A,NE
2017,22,IEEE,A,NE
2018,20,IEEE,A,NE
2013,1,IEEE,KB,MDC
2014,3,IEEE,KB,MDC
2015,10,IEEE,KB,MDC
2016,12,IEEE,KB,MDC
2017,9,IEEE,KB,MDC
2018,3,IEEE,KB,MDC
2017,2,IEEE,A,MDC
2018,2,IEEE,A,MDC
1973,1,IEEE,KB,ML
1974,1,IEEE,KB,ML
1975,0,IEEE,KB,ML
1976,0,IEEE,KB,ML
1977,0,IEEE,KB,ML
1978,0,IEEE,KB,ML
1979,0,IEEE,KB,ML
1980,0,IEEE,KB,ML
1981,1,IEEE,KB,ML
1982,0,IEEE,KB,ML
1983,0,IEEE,KB,ML
1984,0,IEEE,KB,ML
1985,2,IEEE,KB,ML
1986,0,IEEE,KB,ML
1987,3,IEEE,KB,ML
1988,42,IEEE,KB,ML
1989,35,IEEE,KB,ML
1990,63,IEEE,KB,ML
1991,102,IEEE,KB,ML
1992,85,IEEE,KB,ML
1993,112,IEEE,KB,ML
1994,99,IEEE,KB,ML
1995,97,IEEE,KB,ML
1996,97,IEEE,KB,ML
1997,125,IEEE,KB,ML
1998,123,IEEE,KB,ML
1999,201,IEEE,KB,ML
2000,195,IEEE,KB,ML
2001,220,IEEE,KB,ML
2002,780,IEEE,KB,ML
2003,1003,IEEE,KB,ML
2004,1646,IEEE,KB,ML
2005,1889,IEEE,KB,ML
2006,1886,IEEE,KB,ML
2007,2076,IEEE,KB,ML
2008,2497,IEEE,KB,ML
2009,2973,IEEE,KB,ML
2010,2685,IEEE,KB,ML
2011,2166,IEEE,KB,ML
2012,2326,IEEE,KB,ML
2013,2252,IEEE,KB,ML
2014,2387,IEEE,KB,ML
2015,3155,IEEE,KB,ML
2016,4118,IEEE,KB,ML
2017,5395,IEEE,KB,ML
2018,1415,IEEE,KB,ML
1953,1,IEEE,A,ML
1954,0,IEEE,A,ML
1955,0,IEEE,A,ML
1956,0,IEEE,A,ML
1957,0,IEEE,A,ML
1958,0,IEEE,A,ML
1959,1,IEEE,A,ML
1960,0,IEEE,A,ML
1961,5,IEEE,A,ML
1962,7,IEEE,A,ML
1963,6,IEEE,A,ML
1964,4,IEEE,A,ML
1965,4,IEEE,A,ML
1966,6,IEEE,A,ML
1967,11,IEEE,A,ML
1968,5,IEEE,A,ML
1969,4,IEEE,A,ML
1970,5,IEEE,A,ML
1971,2,IEEE,A,ML
1972,3,IEEE,A,ML
1973,6,IEEE,A,ML
1974,1,IEEE,A,ML
1975,1,IEEE,A,ML
1976,6,IEEE,A,ML
1977,1,IEEE,A,ML
1978,2,IEEE,A,ML
1979,2,IEEE,A,ML
1980,2,IEEE,A,ML
1981,2,IEEE,A,ML
1982,0,IEEE,A,ML
1983,0,IEEE,A,ML
1984,0,IEEE,A,ML
1985,4,IEEE,A,ML
1986,2,IEEE,A,ML
1987,4,IEEE,A,ML
1988,7,IEEE,A,ML
1989,13,IEEE,A,ML
1990,14,IEEE,A,ML
1991,18,IEEE,A,ML
1992,19,IEEE,A,ML
1993,34,IEEE,A,ML
1994,40,IEEE,A,ML
1995,34,IEEE,A,ML
1996,37,IEEE,A,ML
1997,45,IEEE,A,ML
1998,36,IEEE,A,ML
1999,31,IEEE,A,ML
2000,36,IEEE,A,ML
2001,46,IEEE,A,ML
2002,54,IEEE,A,ML
2003,49,IEEE,A,ML
2004,98,IEEE,A,ML
2005,132,IEEE,A,ML
2006,150,IEEE,A,ML
2007,156,IEEE,A,ML
2008,189,IEEE,A,ML
2009,216,IEEE,A,ML
2010,246,IEEE,A,ML
2011,222,IEEE,A,ML
2012,246,IEEE,A,ML
2013,318,IEEE,A,ML
2014,381,IEEE,A,ML
2015,513,IEEE,A,ML
2016,626,IEEE,A,ML
2017,781,IEEE,A,ML
2018,805,IEEE,A,ML
1989,1,IEEE,KB,GCD
1990,1,IEEE,KB,GCD
1991,0,IEEE,KB,GCD
1992,0,IEEE,KB,GCD
1993,0,IEEE,KB,GCD
1994,0,IEEE,KB,GCD
1995,0,IEEE,KB,GCD
1996,2,IEEE,KB,GCD
1997,2,IEEE,KB,GCD
1998,1,IEEE,KB,GCD
1999,1,IEEE,KB,GCD
2000,1,IEEE,KB,GCD
2001,1,IEEE,KB,GCD
2002,1,IEEE,KB,GCD
2003,0,IEEE,KB,GCD
2004,1,IEEE,KB,GCD
2005,2,IEEE,KB,GCD
2006,0,IEEE,KB,GCD
2007,2,IEEE,KB,GCD
2008,2,IEEE,KB,GCD
2009,5,IEEE,KB,GCD
2010,4,IEEE,KB,GCD
2011,11,IEEE,KB,GCD
2012,23,IEEE,KB,GCD
2013,27,IEEE,KB,GCD
2014,22,IEEE,KB,GCD
2015,21,IEEE,KB,GCD
2016,25,IEEE,KB,GCD
2017,14,IEEE,KB,GCD
2018,6,IEEE,KB,GCD
2012,2,IEEE,A,GCD
2013,0,IEEE,A,GCD
2014,4,IEEE,A,GCD
2015,3,IEEE,A,GCD
2016,1,IEEE,A,GCD
2017,3,IEEE,A,GCD
1991,1,IEEE,KB,CH
1992,1,IEEE,KB,CH
1993,0,IEEE,KB,CH
1994,0,IEEE,KB,CH
1995,0,IEEE,KB,CH
1996,0,IEEE,KB,CH
1997,2,IEEE,KB,CH
1998,0,IEEE,KB,CH
1999,1,IEEE,KB,CH
2000,2,IEEE,KB,CH
2001,3,IEEE,KB,CH
2002,10,IEEE,KB,CH
2003,10,IEEE,KB,CH
2004,8,IEEE,KB,CH
2005,20,IEEE,KB,CH
2006,49,IEEE,KB,CH
2007,74,IEEE,KB,CH
2008,98,IEEE,KB,CH
2009,104,IEEE,KB,CH
2010,152,IEEE,KB,CH
2011,155,IEEE,KB,CH
2012,208,IEEE,KB,CH
2013,222,IEEE,KB,CH
2014,249,IEEE,KB,CH
2015,363,IEEE,KB,CH
2016,403,IEEE,KB,CH
2017,446,IEEE,KB,CH
2018,139,IEEE,KB,CH
1998,1,IEEE,A,CH
1999,0,IEEE,A,CH
2000,3,IEEE,A,CH
2001,0,IEEE,A,CH
2002,8,IEEE,A,CH
2003,1,IEEE,A,CH
2004,6,IEEE,A,CH
2005,4,IEEE,A,CH
2006,3,IEEE,A,CH
2007,5,IEEE,A,CH
2008,10,IEEE,A,CH
2009,12,IEEE,A,CH
2010,9,IEEE,A,CH
2011,18,IEEE,A,CH
2012,27,IEEE,A,CH
2013,27,IEEE,A,CH
2014,17,IEEE,A,CH
2015,42,IEEE,A,CH
2016,49,IEEE,A,CH
2017,66,IEEE,A,CH
2018,49,IEEE,A,CH
2003,1,IEEE,KB,CEA
2004,0,IEEE,KB,CEA
2005,1,IEEE,KB,CEA
2013,2,IEEE,KB,B
2014,1,IEEE,KB,B
2015,9,IEEE,KB,B
2016,46,IEEE,KB,B
2017,267,IEEE,KB,B
2018,220,IEEE,KB,B
2015,5,IEEE,A,B
2016,9,IEEE,A,B
2017,42,IEEE,A,B
2018,93,IEEE,A,B
1980,1,IEEE,KB,AV
1981,3,IEEE,KB,AV
1982,0,IEEE,KB,AV
1983,3,IEEE,KB,AV
1984,6,IEEE,KB,AV
1985,6,IEEE,KB,AV
1986,7,IEEE,KB,AV
1987,16,IEEE,KB,AV
1988,17,IEEE,KB,AV
1989,24,IEEE,KB,AV
1990,14,IEEE,KB,AV
1991,23,IEEE,KB,AV
1992,28,IEEE,KB,AV
1993,30,IEEE,KB,AV
1994,43,IEEE,KB,AV
1995,29,IEEE,KB,AV
1996,46,IEEE,KB,AV
1997,39,IEEE,KB,AV
1998,43,IEEE,KB,AV
1999,35,IEEE,KB,AV
2000,51,IEEE,KB,AV
2001,45,IEEE,KB,AV
2002,48,IEEE,KB,AV
2003,54,IEEE,KB,AV
2004,74,IEEE,KB,AV
2005,88,IEEE,KB,AV
2006,113,IEEE,KB,AV
2007,112,IEEE,KB,AV
2008,118,IEEE,KB,AV
2009,135,IEEE,KB,AV
2010,168,IEEE,KB,AV
2011,188,IEEE,KB,AV
2012,171,IEEE,KB,AV
2013,190,IEEE,KB,AV
2014,262,IEEE,KB,AV
2015,266,IEEE,KB,AV
2016,403,IEEE,KB,AV
2017,675,IEEE,KB,AV
2018,177,IEEE,KB,AV
1985,1,IEEE,A,AV
1986,3,IEEE,A,AV
1987,2,IEEE,A,AV
1988,3,IEEE,A,AV
1989,1,IEEE,A,AV
1990,7,IEEE,A,AV
1991,8,IEEE,A,AV
1992,3,IEEE,A,AV
1993,2,IEEE,A,AV
1994,5,IEEE,A,AV
1995,4,IEEE,A,AV
1996,7,IEEE,A,AV
1997,5,IEEE,A,AV
1998,11,IEEE,A,AV
1999,2,IEEE,A,AV
2000,5,IEEE,A,AV
2001,7,IEEE,A,AV
2002,9,IEEE,A,AV
2003,9,IEEE,A,AV
2004,13,IEEE,A,AV
2005,10,IEEE,A,AV
2006,20,IEEE,A,AV
2007,23,IEEE,A,AV
2008,15,IEEE,A,AV
2009,18,IEEE,A,AV
2010,17,IEEE,A,AV
2011,29,IEEE,A,AV
2012,37,IEEE,A,AV
2013,21,IEEE,A,AV
2014,36,IEEE,A,AV
2015,43,IEEE,A,AV
2016,73,IEEE,A,AV
2017,139,IEEE,A,AV
2018,134,IEEE,A,AV
2014,1,WOS,KB,SDS
2014,1,WOS,A,SDS
2015,2,WOS,A,SDS
2016,3,WOS,A,SDS
2017,1,WOS,A,SDS
2018,2,WOS,A,SDS
2018,1,WOS,A,SDX
1994,1,WOS,KB,SR
1995,1,WOS,KB,SR
1996,0,WOS,KB,SR
1997,0,WOS,KB,SR
1998,2,WOS,KB,SR
1999,1,WOS,KB,SR
2000,7,WOS,KB,SR
2001,4,WOS,KB,SR
2002,7,WOS,KB,SR
2003,21,WOS,KB,SR
2004,48,WOS,KB,SR
2005,20,WOS,KB,SR
2006,33,WOS,KB,SR
2007,17,WOS,KB,SR
2008,17,WOS,KB,SR
2009,24,WOS,KB,SR
2010,3,WOS,KB,SR
2011,7,WOS,KB,SR
2012,4,WOS,KB,SR
2013,1,WOS,KB,SR
2014,4,WOS,KB,SR
2015,10,WOS,KB,SR
2016,7,WOS,KB,SR
2017,5,WOS,KB,SR
2018,8,WOS,KB,SR
1979,1,WOS,A,SR
1980,0,WOS,A,SR
1981,0,WOS,A,SR
1982,0,WOS,A,SR
1983,1,WOS,A,SR
1984,0,WOS,A,SR
1985,0,WOS,A,SR
1986,0,WOS,A,SR
1987,0,WOS,A,SR
1988,2,WOS,A,SR
1989,0,WOS,A,SR
1990,1,WOS,A,SR
1991,0,WOS,A,SR
1992,0,WOS,A,SR
1993,0,WOS,A,SR
1994,1,WOS,A,SR
1995,2,WOS,A,SR
1996,2,WOS,A,SR
1997,3,WOS,A,SR
1998,9,WOS,A,SR
1999,15,WOS,A,SR
2000,16,WOS,A,SR
2001,25,WOS,A,SR
2002,31,WOS,A,SR
2003,40,WOS,A,SR
2004,71,WOS,A,SR
2005,38,WOS,A,SR
2006,68,WOS,A,SR
2007,74,WOS,A,SR
2008,106,WOS,A,SR
2009,105,WOS,A,SR
2010,94,WOS,A,SR
2011,138,WOS,A,SR
2012,160,WOS,A,SR
2013,210,WOS,A,SR
2014,171,WOS,A,SR
2015,252,WOS,A,SR
2016,282,WOS,A,SR
2017,291,WOS,A,SR
2018,170,WOS,A,SR
1999,1,WOS,KB,NE
2000,3,WOS,KB,NE
2001,0,WOS,KB,NE
2002,7,WOS,KB,NE
2003,4,WOS,KB,NE
2004,7,WOS,KB,NE
2005,4,WOS,KB,NE
2006,16,WOS,KB,NE
2007,15,WOS,KB,NE
2008,10,WOS,KB,NE
2009,9,WOS,KB,NE
2010,18,WOS,KB,NE
2011,9,WOS,KB,NE
2012,1,WOS,KB,NE
2013,3,WOS,KB,NE
2014,2,WOS,KB,NE
2015,4,WOS,KB,NE
2016,2,WOS,KB,NE
1998,2,WOS,A,NE
1999,3,WOS,A,NE
2000,5,WOS,A,NE
2001,4,WOS,A,NE
2002,23,WOS,A,NE
2003,26,WOS,A,NE
2004,55,WOS,A,NE
2005,55,WOS,A,NE
2006,77,WOS,A,NE
2007,82,WOS,A,NE
2008,104,WOS,A,NE
2009,129,WOS,A,NE
2010,111,WOS,A,NE
2011,92,WOS,A,NE
2012,88,WOS,A,NE
2013,66,WOS,A,NE
2014,79,WOS,A,NE
2015,72,WOS,A,NE
2016,97,WOS,A,NE
2017,81,WOS,A,NE
2018,60,WOS,A,NE
2015,2,WOS,A,MDC
2016,0,WOS,A,MDC
2017,4,WOS,A,MDC
2018,4,WOS,A,MDC
1990,3,WOS,KB,ML
1991,9,WOS,KB,ML
1992,4,WOS,KB,ML
1993,6,WOS,KB,ML
1994,12,WOS,KB,ML
1995,25,WOS,KB,ML
1996,17,WOS,KB,ML
1997,55,WOS,KB,ML
1998,47,WOS,KB,ML
1999,56,WOS,KB,ML
2000,82,WOS,KB,ML
2001,81,WOS,KB,ML
2002,142,WOS,KB,ML
2003,206,WOS,KB,ML
2004,279,WOS,KB,ML
2005,373,WOS,KB,ML
2006,382,WOS,KB,ML
2007,90,WOS,KB,ML
2008,95,WOS,KB,ML
2009,78,WOS,KB,ML
2010,64,WOS,KB,ML
2011,57,WOS,KB,ML
2012,35,WOS,KB,ML
2013,61,WOS,KB,ML
2014,59,WOS,KB,ML
2015,132,WOS,KB,ML
2016,164,WOS,KB,ML
2017,126,WOS,KB,ML
2018,126,WOS,KB,ML
1959,1,WOS,A,ML
1960,0,WOS,A,ML
1961,0,WOS,A,ML
1962,1,WOS,A,ML
1963,1,WOS,A,ML
1964,1,WOS,A,ML
1965,0,WOS,A,ML
1966,1,WOS,A,ML
1967,2,WOS,A,ML
1968,1,WOS,A,ML
1969,1,WOS,A,ML
1970,2,WOS,A,ML
1971,0,WOS,A,ML
1972,0,WOS,A,ML
1973,1,WOS,A,ML
1974,1,WOS,A,ML
1975,1,WOS,A,ML
1976,1,WOS,A,ML
1977,0,WOS,A,ML
1978,0,WOS,A,ML
1979,0,WOS,A,ML
1980,0,WOS,A,ML
1981,0,WOS,A,ML
1982,0,WOS,A,ML
1983,0,WOS,A,ML
1984,2,WOS,A,ML
1985,2,WOS,A,ML
1986,6,WOS,A,ML
1987,4,WOS,A,ML
1988,8,WOS,A,ML
1989,14,WOS,A,ML
1990,20,WOS,A,ML
1991,49,WOS,A,ML
1992,77,WOS,A,ML
1993,89,WOS,A,ML
1994,110,WOS,A,ML
1995,131,WOS,A,ML
1996,131,WOS,A,ML
1997,173,WOS,A,ML
1998,181,WOS,A,ML
1999,197,WOS,A,ML
2000,235,WOS,A,ML
2001,235,WOS,A,ML
2002,310,WOS,A,ML
2003,442,WOS,A,ML
2004,595,WOS,A,ML
2005,776,WOS,A,ML
2006,936,WOS,A,ML
2007,635,WOS,A,ML
2008,845,WOS,A,ML
2009,1023,WOS,A,ML
2010,1154,WOS,A,ML
2011,1366,WOS,A,ML
2012,1547,WOS,A,ML
2013,1990,WOS,A,ML
2014,2353,WOS,A,ML
2015,3232,WOS,A,ML
2016,4212,WOS,A,ML
2017,5580,WOS,A,ML
2018,4467,WOS,A,ML
1997,1,WOS,KB,GCD
1998,0,WOS,KB,GCD
1999,0,WOS,KB,GCD
2000,0,WOS,KB,GCD
2001,1,WOS,KB,GCD
2002,1,WOS,KB,GCD
2003,0,WOS,KB,GCD
2004,0,WOS,KB,GCD
2005,0,WOS,KB,GCD
2006,0,WOS,KB,GCD
2007,0,WOS,KB,GCD
2008,0,WOS,KB,GCD
2009,0,WOS,KB,GCD
2010,0,WOS,KB,GCD
2011,0,WOS,KB,GCD
2012,0,WOS,KB,GCD
2013,0,WOS,KB,GCD
2014,0,WOS,KB,GCD
2015,1,WOS,KB,GCD
2016,0,WOS,KB,GCD
2017,0,WOS,KB,GCD
2018,1,WOS,KB,GCD
1996,1,WOS,A,GCD
1997,2,WOS,A,GCD
1998,0,WOS,A,GCD
1999,0,WOS,A,GCD
2000,0,WOS,A,GCD
2001,1,WOS,A,GCD
2002,1,WOS,A,GCD
2003,1,WOS,A,GCD
2004,1,WOS,A,GCD
2005,0,WOS,A,GCD
2006,0,WOS,A,GCD
2007,0,WOS,A,GCD
2008,0,WOS,A,GCD
2009,1,WOS,A,GCD
2010,0,WOS,A,GCD
2011,1,WOS,A,GCD
2012,5,WOS,A,GCD
2013,3,WOS,A,GCD
2014,11,WOS,A,GCD
2015,16,WOS,A,GCD
2016,23,WOS,A,GCD
2017,16,WOS,A,GCD
2018,6,WOS,A,GCD
1999,1,WOS,KB,CH
2000,0,WOS,KB,CH
2001,0,WOS,KB,CH
2002,2,WOS,KB,CH
2003,1,WOS,KB,CH
2004,16,WOS,KB,CH
2005,8,WOS,KB,CH
2006,23,WOS,KB,CH
2007,3,WOS,KB,CH
2008,4,WOS,KB,CH
2009,1,WOS,KB,CH
2010,3,WOS,KB,CH
2011,3,WOS,KB,CH
2012,1,WOS,KB,CH
2013,1,WOS,KB,CH
2014,2,WOS,KB,CH
2015,7,WOS,KB,CH
2016,7,WOS,KB,CH
2017,16,WOS,KB,CH
2018,6,WOS,KB,CH
1993,1,WOS,A,CH
1994,1,WOS,A,CH
1995,1,WOS,A,CH
1996,0,WOS,A,CH
1997,3,WOS,A,CH
1998,1,WOS,A,CH
1999,1,WOS,A,CH
2000,3,WOS,A,CH
2001,1,WOS,A,CH
2002,13,WOS,A,CH
2003,6,WOS,A,CH
2004,24,WOS,A,CH
2005,16,WOS,A,CH
2006,47,WOS,A,CH
2007,26,WOS,A,CH
2008,28,WOS,A,CH
2009,47,WOS,A,CH
2010,48,WOS,A,CH
2011,72,WOS,A,CH
2012,96,WOS,A,CH
2013,120,WOS,A,CH
2014,140,WOS,A,CH
2015,203,WOS,A,CH
2016,244,WOS,A,CH
2017,370,WOS,A,CH
2018,242,WOS,A,CH
1987,1,WOS,A,CEA
1988,0,WOS,A,CEA
1989,0,WOS,A,CEA
1990,0,WOS,A,CEA
1991,0,WOS,A,CEA
1992,0,WOS,A,CEA
1993,0,WOS,A,CEA
1994,0,WOS,A,CEA
1995,0,WOS,A,CEA
1996,0,WOS,A,CEA
1997,0,WOS,A,CEA
1998,1,WOS,A,CEA
2017,5,WOS,KB,B
2018,1,WOS,KB,B
2015,1,WOS,A,B
2016,28,WOS,A,B
2017,155,WOS,A,B
2018,152,WOS,A,B
1994,3,WOS,KB,AV
1995,2,WOS,KB,AV
1996,2,WOS,KB,AV
1997,2,WOS,KB,AV
1998,5,WOS,KB,AV
1999,3,WOS,KB,AV
2000,4,WOS,KB,AV
2001,4,WOS,KB,AV
2002,6,WOS,KB,AV
2003,11,WOS,KB,AV
2004,13,WOS,KB,AV
2005,17,WOS,KB,AV
2006,11,WOS,KB,AV
2007,4,WOS,KB,AV
2008,4,WOS,KB,AV
2009,12,WOS,KB,AV
2010,4,WOS,KB,AV
2011,3,WOS,KB,AV
2012,5,WOS,KB,AV
2013,1,WOS,KB,AV
2014,1,WOS,KB,AV
2015,4,WOS,KB,AV
2016,4,WOS,KB,AV
2017,8,WOS,KB,AV
2018,9,WOS,KB,AV
1982,1,WOS,A,AV
1983,0,WOS,A,AV
1984,4,WOS,A,AV
1985,1,WOS,A,AV
1986,2,WOS,A,AV
1987,4,WOS,A,AV
1988,0,WOS,A,AV
1989,1,WOS,A,AV
1990,3,WOS,A,AV
1991,12,WOS,A,AV
1992,4,WOS,A,AV
1993,5,WOS,A,AV
1994,19,WOS,A,AV
1995,16,WOS,A,AV
1996,19,WOS,A,AV
1997,21,WOS,A,AV
1998,39,WOS,A,AV
1999,21,WOS,A,AV
2000,24,WOS,A,AV
2001,27,WOS,A,AV
2002,33,WOS,A,AV
2003,32,WOS,A,AV
2004,38,WOS,A,AV
2005,44,WOS,A,AV
2006,46,WOS,A,AV
2007,50,WOS,A,AV
2008,50,WOS,A,AV
2009,71,WOS,A,AV
2010,80,WOS,A,AV
2011,80,WOS,A,AV
2012,113,WOS,A,AV
2013,91,WOS,A,AV
2014,117,WOS,A,AV
2015,176,WOS,A,AV
2016,237,WOS,A,AV
2017,361,WOS,A,AV
2018,260,WOS,A,AV
